,COMPANY,investor,ValueCr.,Sep 2023%,Jun 2023%,Mar 2023%,Dec 2022%,Sep 2022%
0,3M India Ltd.,radhakishan-damani,512.13,1.48,1.48,1.48,1.48,-
0,ADF Foods Ltd.,ashish-kacholia,64.12,2.75,2.88,1.04,1.04,1.04
0,ADF Foods Ltd.,sunil-singhania,35.89,1.54,1.54,1.51,1.51,-
0,AGI Greenpac Ltd.,ashish-dhawan,307.04,4.79,4.79,4.79,4.79,4.79
1,AGI Greenpac Ltd.,sunil-singhania,91.12,1.42,1.74,1.86,1.86,1.86
2,AMI Organics Ltd.,ashish-kacholia,84.78,2.11,2.13,2.13,2.13,2.13
45,Aditya Vision Ltd.,ashish-kacholia,74.14,1.99,1.99,1.11,-,-
0,Ador Fontech Ltd.,anil-goel,6.38,1.26,1.29,1.29,1.29,1.29
1,Ador Welding Ltd.,ashish-kacholia,90.51,4.38,4.38,4.38,4.38,4.22
1,Advani Hotels & Resorts (India) Ltd.,radhakishan-damani,20.53,4.18,4.18,4.18,4.18,4.18
51,Aeroflex Industries Ltd.,ashish-kacholia,36.22,1.79,-,-,-,-
14,Affordable Robotic & Automation Ltd.,vijay-kedia,55.87,9.93,-,13.37,-,12.25
33,Agarwal Industrial Corporation Ltd.,ashish-kacholia,55.41,4.00,3.93,3.82,3.82,2.57
0,Agro Tech Foods Ltd.,rakesh-jhunjhunwala,161.88,8.14,8.14,8.22,8.22,8.22
0,Ajanta Soya Ltd.,dolly-khanna,0.0,-,-,1.32,1.48,1.54
0,Allcargo Gati Ltd.,mukul-agrawal,0.0,-,5.38,5.38,5.38,5.69
40,Allcargo Logistics Ltd.,mukul-agrawal,87.73,1.34,1.34,1.34,1.34,1.34
69,Allcargo Terminals Ltd.,mukul-agrawal,16.55,1.26,-,-,-,-
0,Almondz Global Securities Ltd.,dilipkumar-lakhi,10.42,4.36,4.47,4.52,4.52,4.52
1,Amarjothi Spinning Mills Ltd.,anil-goel,8.16,6.77,6.77,6.77,6.77,6.77
1,Anant Raj Ltd.,rakesh-jhunjhunwala,0.0,-,-,-,-,3.09
2,Andhra Paper Ltd.,radhakishan-damani,22.67,1.00,1.26,1.26,1.26,1.26
1,Apollo Pipes Ltd.,mukul-agrawal,102.88,3.81,3.81,3.81,3.81,3.81
3,Aptech Ltd.,radhakishan-damani,44.46,3.03,3.03,3.03,3.03,3.03
2,Aptech Ltd.,rakesh-jhunjhunwala,641.54,43.74,43.72,43.74,43.76,43.78
1,Aries Agro Ltd.,dolly-khanna,0.0,-,-,-,-,1.10
0,Arihant Capital Markets Ltd.,ashok-kumar-jain,242.77,32.21,-,32.21,32.21,32.21
2,Arman Financial Services Ltd.,mukul-agrawal,88.03,4.59,4.71,4.71,4.71,4.71
1,Aro Granite Industries Ltd.,dilipkumar-lakhi,3.82,5.14,5.88,5.91,6.01,6.01
1,Artemis Medicare Services Ltd.,ashok-kumar-jain,0.0,-,-,1.16,1.06,1.05
1,Arvind Fashions Ltd.,ashish-dhawan,279.47,4.94,4.94,4.94,4.94,4.94
34,Arvind Fashions Ltd.,ashish-kacholia,0.0,-,1.10,1.10,1.10,1.10
8,Asahi India Glass Ltd.,nemish-shah,833.41,5.95,5.95,5.95,5.95,5.95
4,Astra Microwave Products Ltd.,radhakishan-damani,0.0,-,-,1.03,1.03,1.03
0,Atul Auto Ltd.,vijay-kedia,362.31,20.91,14.93,8.40,1.47,1.47
2,Austin Engineering Company Ltd.,anil-goel,1.24,1.95,1.95,2.19,2.19,2.27
3,Autoline Industries Ltd.,rakesh-jhunjhunwala,0.0,-,2.52,3.96,4.31,4.61
3,Avadh Sugar & Energy Ltd.,anil-goel,115.35,6.90,6.90,6.90,6.87,6.87
5,Avenue Supermarts Ltd.,radhakishan-damani,168171.25,67.24,67.24,67.51,67.53,67.53
2,Avonmore Capital & Management Services Ltd.,dilipkumar-lakhi,3.23,1.76,1.92,1.92,1.92,1.92
53,BEW Engineering Ltd.,ashish-kacholia,15.01,4.06,-,-,-,-
6,BF Utilities Ltd.,radhakishan-damani,25.68,1.01,1.01,1.01,1.01,1.28
70,BSE Ltd.,mukul-agrawal,424.47,1.48,-,-,-,-
52,Balu Forge Industries Ltd.,ashish-kacholia,51.9,2.16,-,-,-,-
7,Bannari Amman Sugars Ltd.,nemish-shah,84.7,2.59,2.59,2.59,2.59,2.59
11,Banswara Syntex Ltd.,ajay-upadhyaya,9.04,1.75,1.75,1.75,1.75,1.75
29,Barbeque-Nation Hospitality Ltd.,ashish-kacholia,34.31,1.43,1.43,1.43,1.43,1.43
35,Best Agrolife Ltd.,ashish-kacholia,61.96,2.25,2.25,2.25,2.25,1.46
40,Beta Drugs Ltd.,ashish-kacholia,134.9,12.52,12.52,12.49,12.43,-
59,Bhagiradha Chemicals & Industries Ltd.,mukul-agrawal,46.5,2.88,3.44,3.83,3.84,-
3,Bharat Bijlee Ltd.,ashish-kacholia,0.0,-,1.79,1.79,1.79,1.79
4,Bilcare Ltd.,rakesh-jhunjhunwala,0.0,-,-,-,7.37,-
2,Birlasoft Ltd.,ashish-dhawan,0.0,-,-,1.01,1.01,1.02
7,Blue Dart Express Ltd.,radhakishan-damani,205.17,1.29,1.29,1.29,1.29,1.40
5,Bombay Dyeing And Manufacturing Company Ltd.,madhusudan-kela,56.2,1.65,1.65,1.65,-,-
48,CL Educate Ltd.,mukul-agrawal,0.0,-,-,1.12,1.17,1.17
20,CMS Info Systems Ltd.,sunil-singhania,62.34,1.03,1.04,1.04,1.04,-
6,CRISIL Ltd.,rakesh-jhunjhunwala,1728.52,5.47,5.47,5.47,5.47,5.47
0,CSL Finance Ltd.,madhusudan-kela,0.0,-,-,-,-,1.16
5,Canara Bank,rakesh-jhunjhunwala,1478.53,2.07,2.07,2.07,2.07,1.48
4,Carysil Ltd.,ashish-kacholia,83.56,3.73,3.73,3.74,3.74,3.74
2,Carysil Ltd.,sunil-singhania,131.23,5.86,5.86,6.05,6.14,6.14
53,Ceat Ltd.,mukul-agrawal,104.64,1.24,1.24,1.24,1.24,1.24
15,Cera Sanitaryware Ltd.,vijay-kedia,0.0,-,-,-,-,1.02
18,Chennai Petroleum Corporation Ltd.,dolly-khanna,144.91,1.62,1.84,2.12,2.20,2.57
3,Choice International Ltd.,madhusudan-kela,526.2,12.06,12.06,12.06,12.06,12.06
2,Control Print Ltd.,dolly-khanna,16.69,1.21,1.17,1.04,1.02,1.03
36,Crayons Advertising Ltd.,anil-goel,4.6,1.15,-,-,-,-
30,Creative Newtech Ltd.,ashish-kacholia,0.0,-,-,2.70,2.70,-
36,D-Link (India) Ltd.,ashish-kacholia,0.0,-,-,2.11,2.11,3.34
7,DB Realty Ltd.,rakesh-jhunjhunwala,214.35,1.99,1.42,1.42,1.46,1.46
34,DCM Ltd.,anil-goel,1.47,1.02,1.02,-,-,-
5,DCM Nouvelle Ltd.,anil-goel,8.8,2.31,2.31,2.31,2.06,2.06
3,DCM Shriram Industries Ltd.,sunil-singhania,40.77,2.98,2.98,2.98,2.98,2.98
0,DMCC Speciality Chemicals Ltd.,ajay-upadhyaya,8.85,1.20,1.34,1.34,1.34,1.34
37,DU Digital Global Ltd.,ashish-kacholia,11.74,4.96,-,4.96,-,4.97
4,Dalmia Bharat Sugar And Industries Ltd.,anil-goel,247.65,6.40,6.10,6.10,6.09,-
65,De Nora India Ltd.,mukul-agrawal,17.02,1.88,1.88,1.37,-,-
3,Deepak Spinners Ltd.,dolly-khanna,3.05,1.65,1.65,1.16,1.16,1.21
3,Delta Corp Ltd.,mukul-agrawal,0.0,-,1.23,1.12,1.12,1.50
54,Dhabriya Polywood Ltd.,ashish-kacholia,28.76,6.43,-,-,-,-
4,Dhabriya Polywood Ltd.,mukul-agrawal,20.93,4.68,10.47,10.48,10.48,10.48
33,Dhampur Bio Organics Ltd.,anil-goel,138.92,12.74,12.74,12.74,12.74,12.74
6,Dhampur Sugar Mills Ltd.,anil-goel,232.48,12.72,12.70,12.70,12.70,12.70
7,Dhunseri Tea & Industries Ltd.,anil-goel,7.42,3.05,3.05,3.05,2.99,-
3,Diligent Media Corporation Ltd.,dilipkumar-lakhi,0.96,1.93,1.98,2.00,2.00,2.3
3,Dish TV India Ltd.,ashish-dhawan,59.07,1.57,1.57,1.57,1.57,1.57
54,Dish TV India Ltd.,mukul-agrawal,61.2,1.63,1.63,1.63,1.63,1.36
5,Dishman Carbogen Amcis Ltd.,mukul-agrawal,139.07,5.23,5.23,4.27,3.51,3.25
8,Dishman Carbogen Amcis Ltd.,rakesh-jhunjhunwala,0.0,-,-,-,1.63,3.18
1,Dollar Industries Ltd.,ajay-upadhyaya,27.47,1.10,1.10,1.10,-,1.10
26,Dreamfolks Services Ltd.,sunil-singhania,44.67,1.52,1.79,1.82,1.82,-
8,Dwarikesh Sugar Industries Ltd.,anil-goel,118.3,6.74,6.74,6.74,6.74,6.74
4,Dynamatic Technologies Ltd.,sunil-singhania,80.09,2.94,2.91,2.83,2.62,2.48
0,E.I.D. - Parry (India) Ltd.,nemish-shah,110.65,1.17,1.17,1.17,1.17,1.17
6,EKI Energy Services Ltd.,mukul-agrawal,0.0,-,-,1.09,1.64,1.64
28,EMS Ltd.,sunil-singhania,43.32,1.71,-,-,-,-
2,Ecoplast Ltd.,ashok-kumar-jain,0.0,-,-,2.04,2.22,2.22
9,Edelweiss Financial Services Ltd.,rakesh-jhunjhunwala,0.0,-,-,1.33,1.52,1.50
2,Elecon Engineering Company Ltd.,ajay-upadhyaya,176.63,1.78,1.78,1.78,1.78,1.78
1,Elecon Engineering Company Ltd.,vijay-kedia,158.97,1.60,1.78,1.94,1.94,1.94
1,Elgi Equipments Ltd.,nemish-shah,280.92,1.69,1.69,1.69,1.69,1.69
12,Equitas Small Finance Bank Ltd.,ashish-dhawan,383.92,3.60,3.63,3.64,-,-
10,Escorts Kubota Ltd.,rakesh-jhunjhunwala,576.93,1.62,1.62,1.39,1.39,1.39
49,Ethos Ltd.,mukul-agrawal,129.37,2.74,2.87,3.42,3.47,3.96
21,Ethos Ltd.,sunil-singhania,61.18,1.30,1.30,1.30,1.30,-
5,Faze Three Ltd.,ashish-kacholia,62.27,5.42,5.23,5.23,5.09,5.09
26,Fineotex Chemical Ltd.,ashish-kacholia,102.3,2.83,2.83,2.82,2.64,2.64
3,Fluidomat Ltd.,ashok-kumar-jain,45.14,22.46,22.46,22.46,22.46,22.46
11,Fortis Healthcare Ltd.,rakesh-jhunjhunwala,1228.97,4.46,4.46,4.46,4.46,4.66
18,Freshtrop Fruits Ltd.,ashok-kumar-jain,0.0,-,-,-,1.68,2.34
9,GK Consultants Ltd.,anil-goel,0.03,0.56,0.56,0.56,0.56,0.56
7,GM Breweries Ltd.,mukul-agrawal,0.0,-,-,-,-,-
4,GOCL Corporation Ltd.,dilipkumar-lakhi,36.54,1.37,1.65,1.66,1.72,1.72
10,GRP Ltd.,anil-goel,6.34,1.02,1.04,1.12,1.50,1.50
21,Ganges Securities Ltd.,ashok-kumar-jain,2.71,2.00,1.57,1.44,1.27,-
6,Garware Hi-Tech Films Ltd.,ashish-kacholia,136.5,4.17,4.17,4.17,4.00,3.98
4,GeeCee Ventures Ltd.,ashok-kumar-jain,14.84,3.40,3.21,3.09,3.08,2.83
7,Genesys International Corporation Ltd.,ashish-kacholia,22.17,1.64,1.64,1.64,1.68,1.68
71,Gensol Engineering Ltd.,mukul-agrawal,15.37,1.64,-,-,-,-
3,Genus Power Infrastructures Ltd.,ajay-upadhyaya,147.99,2.33,2.33,2.33,2.33,2.23
12,Geojit Financial Services Ltd.,rakesh-jhunjhunwala,134.42,8.21,8.21,8.38,8.38,7.54
4,Glenmark Pharmaceuticals Ltd.,ashish-dhawan,558.25,2.55,2.55,2.55,2.48,1.81
41,Goldiam International Ltd.,ashish-kacholia,0.0,-,-,1.01,1.01,-
8,Goldiam International Ltd.,mukul-agrawal,0.0,-,1.28,2.29,2.75,2.75
27,Gravita India Ltd.,ashish-kacholia,159.19,2.15,2.15,2.15,2.08,1.96
5,Greenlam Industries Ltd.,ashish-dhawan,287.5,3.79,3.79,3.79,3.79,3.79
5,H.G. Infra Engineering Ltd.,sunil-singhania,83.48,1.47,1.47,1.52,1.52,1.51
6,HIL Ltd.,sunil-singhania,66.11,3.21,3.21,3.14,3.12,3.13
9,HLE Glascoat Ltd.,ashish-kacholia,49.62,1.40,1.40,1.40,1.40,1.40
2,Heritage Foods Ltd.,vijay-kedia,0.0,-,1.20,1.20,1.13,1.13
5,Hindustan Fluorocarbons Ltd.,dilipkumar-lakhi,0.0,-,1.85,-,-,1.85
8,Hindware Home Innovation Ltd.,ashish-kacholia,0.0,-,-,-,1.33,1.33
9,Hindware Home Innovation Ltd.,mukul-agrawal,53.2,1.38,1.38,1.38,1.38,1.38
7,Hindware Home Innovation Ltd.,sunil-singhania,169.07,4.39,4.89,4.89,4.88,4.95
6,IDFC Ltd.,ashish-dhawan,654.92,3.50,3.50,3.50,3.50,3.51
4,IG Petrochemicals Ltd.,ajay-upadhyaya,0.0,-,1.09,1.09,1.09,1.09
8,IIFL Securities Ltd.,sunil-singhania,117.99,3.30,3.24,3.20,3.17,3.19
10,IOL Chemicals And Pharmaceuticals Ltd.,ashish-kacholia,0.0,-,-,-,1.97,1.97
66,ISMT Ltd.,mukul-agrawal,39.45,1.33,1.33,1.33,-,-
6,IVP Ltd.,ashok-kumar-jain,4.54,2.10,2.10,2.10,2.10,2.14
13,Indiabulls Real Estate Ltd.,rakesh-jhunjhunwala,0.0,-,-,-,-,-
5,Indian Card Clothing Company Ltd.,ashok-kumar-jain,0.0,-,2.71,2.47,2.15,1.85
10,Indian Metals & Ferro Alloys Ltd.,mukul-agrawal,37.86,1.44,1.44,1.44,1.44,1.44
11,Indo Count Industries Ltd.,mukul-agrawal,67.44,1.17,1.17,1.17,1.17,1.18
7,Indostar Capital Finance Ltd.,madhusudan-kela,55.21,2.48,2.48,-,-,-
11,Indsil Hydro Power and Manganese Ltd.,anil-goel,2.91,2.48,2.48,-,2.46,2.46
31,Inflame Appliances Ltd.,ashish-kacholia,19.37,4.20,-,4.20,-,4.21
12,Infobeans Technologies Ltd.,mukul-agrawal,51.54,5.14,5.15,5.15,5.15,5.15
3,Innovators Facade Systems Ltd.,vijay-kedia,42.22,10.66,10.66,10.66,10.66,10.66
13,Intellect Design Arena Ltd.,mukul-agrawal,160.1,1.68,1.84,1.84,1.84,-
2,Investment & Precision Castings Ltd.,nemish-shah,33.5,10.00,10.00,10.00,10.0,10.0
14,Ion Exchange (India) Ltd.,mukul-agrawal,105.08,1.23,1.76,1.91,1.91,1.91
9,Ion Exchange (India) Ltd.,sunil-singhania,237.77,2.78,3.27,3.27,3.24,3.05
1,Iris Business Services Ltd.,madhusudan-kela,14.6,5.54,5.54,5.54,5.55,5.55
23,J Kumar Infraprojects Ltd.,dolly-khanna,0.0,-,-,-,-,1.08
15,J Kumar Infraprojects Ltd.,mukul-agrawal,85.22,2.64,2.64,2.64,2.64,2.64
22,J Kumar Infraprojects Ltd.,sunil-singhania,85.43,2.65,2.65,2.65,2.65,2.65
17,JTEKT India Ltd.,mukul-agrawal,54.52,1.61,1.64,1.64,1.64,1.50
50,Jagsonpal Pharmaceuticals Ltd.,mukul-agrawal,17.88,1.77,1.77,1.77,1.77,1.77
16,Jet Freight Logistics Ltd.,mukul-agrawal,0.0,-,-,-,-,2.47
14,Jubilant Ingrevia Ltd.,rakesh-jhunjhunwala,214.14,3.12,3.12,3.15,3.15,3.15
15,Jubilant Pharmova Ltd.,rakesh-jhunjhunwala,446.98,6.68,6.68,6.76,6.76,6.76
24,Jubilant Pharmova Ltd.,sunil-singhania,80.31,1.20,1.20,1.20,1.20,1.20
25,K.C.P. Sugar And Industries Corporation Ltd.,dolly-khanna,5.33,1.26,-,-,-,-
4,KCP Ltd.,dolly-khanna,26.08,1.39,1.69,2.25,2.43,3.04
19,KDDL Ltd.,mukul-agrawal,124.07,3.38,3.38,3.38,3.32,3.32
12,KG Denim Ltd.,anil-goel,1.56,1.91,1.91,1.91,1.91,1.91
13,KRBL Ltd.,anil-goel,340.57,4.25,4.39,4.38,4.11,4.00
18,Kamdhenu Ltd.,mukul-agrawal,0.0,-,-,-,-,3.89
55,Kanoria Chemicals & Industries Ltd.,mukul-agrawal,0.0,-,1.21,1.34,1.37,1.37
41,Karur Vysya Bank Ltd.,mukul-agrawal,128.44,1.06,-,1.06,1.06,1.25
16,Karur Vysya Bank Ltd.,rakesh-jhunjhunwala,561.59,4.63,-,4.74,4.74,4.37
15,Khaitan Chemicals & Fertilizers Ltd.,dolly-khanna,0.0,-,-,-,-,-
20,Kingfa Science & Technology (India) Ltd.,mukul-agrawal,67.6,2.48,2.48,2.48,2.48,2.48
42,Knowledge Marine & Engineering Works Ltd.,ashish-kacholia,44.94,2.78,2.78,2.50,2.31,-
6,Kopran Ltd.,madhusudan-kela,13.22,1.04,1.04,1.04,-,-
35,LG Balakrishnan & Bros Ltd.,anil-goel,0.0,-,1.27,-,-,-
21,LT Foods Ltd.,mukul-agrawal,84.32,1.15,1.15,1.15,1.25,1.72
11,La Opala RG Ltd.,ashish-kacholia,67.43,1.59,1.59,1.59,1.59,1.59
3,Lakshmi Machine Works Ltd.,nemish-shah,1433.86,10.36,10.40,10.40,10.45,10.45
43,Likhitha Infrastructure Ltd.,ashish-kacholia,20.59,1.77,1.77,2.01,2.01,-
4,Lykis Ltd.,vijay-kedia,0.0,-,-,-,-,2.71
2,MKVentures Capital Ltd.,madhusudan-kela,334.39,74.36,74.36,83.66,83.66,83.66
24,MPS Ltd.,mukul-agrawal,139.82,4.46,4.46,4.46,4.46,4.46
13,MSTC Ltd.,ashish-kacholia,0.0,-,-,-,-,-
25,MTAR Technologies Ltd.,mukul-agrawal,0.0,-,-,-,-,1.14
14,Magadh Sugar & Energy Ltd.,anil-goel,43.46,3.73,3.70,3.56,3.55,3.55
7,Mahaveer Infoway Ltd.,ashok-kumar-jain,0.67,18.29,18.29,18.29,18.29,18.29
11,Mahindra & Mahindra Financial Services Ltd.,ashish-dhawan,397.34,1.18,1.18,1.18,1.18,1.18
5,Mahindra Holidays & Resorts India Ltd.,vijay-kedia,81.05,1.02,1.02,1.02,1.02,1.02
15,Majestic Auto Ltd.,anil-goel,5.06,1.92,1.92,1.92,1.92,1.92
17,Man InfraConstruction Ltd.,rakesh-jhunjhunwala,0.0,-,-,-,-,1.21
19,Manali Petrochemicals Ltd.,dolly-khanna,0.0,-,-,-,-,1.06
12,Mangalam Drugs And Organics Ltd.,ajay-upadhyaya,5.81,3.80,1.90,1.90,1.90,1.90
8,Mangalam Organics Ltd.,radhakishan-damani,6.87,2.17,2.17,2.17,2.17,2.17
5,Mangalore Chemicals & Fertilizers Ltd.,dolly-khanna,16.21,1.21,1.27,1.20,1.24,1.37
5,Maral Overseas Ltd.,ajay-upadhyaya,5.59,1.87,1.87,1.87,1.87,1.87
12,Mastek Ltd.,ashish-kacholia,0.0,-,-,-,-,-
22,Mastek Ltd.,mukul-agrawal,0.0,-,-,-,-,-
10,Mastek Ltd.,sunil-singhania,240.23,3.22,1.60,3.23,3.05,2.75
8,Mayur Floorings Ltd.,ashok-kumar-jain,0.01,0.22,0.22,0.22,0.22,0.22
38,Megastar Foods Ltd.,ashish-kacholia,0.0,-,-,1.13,1.13,1.04
18,Metro Brands Ltd.,rakesh-jhunjhunwala,0.0,-,-,14.40,14.40,14.43
9,Metropolis Healthcare Ltd.,radhakishan-damani,0.0,-,-,-,-,1.07
23,Mitcon Consultancy & Engineering Services Ltd.,mukul-agrawal,4.3,3.13,4.31,4.39,5.00,5.23
6,Monte Carlo Fashions Ltd.,dolly-khanna,28.16,1.94,2.36,2.11,2.54,2.49
20,NCC Ltd.,rakesh-jhunjhunwala,1338.73,13.09,13.09,13.09,13.09,12.64
7,NCL Industries Ltd.,dolly-khanna,0.0,-,-,-,1.70,1.31
6,NDL Ventures Ltd.,dilipkumar-lakhi,20.75,4.17,4.17,4.25,4.09,4.09
55,NIIT Learning Systems Ltd.,ashish-kacholia,120.44,2.23,-,-,-,-
14,NIIT Ltd.,ashish-kacholia,29.34,1.86,2.23,2.23,2.23,2.23
16,Nahar Capital And Financial Services Ltd.,anil-goel,12.36,2.44,2.44,2.44,2.39,2.38
14,Nahar Poly Films Ltd.,ajay-upadhyaya,6.35,1.12,1.12,1.24,1.34,1.34
17,Nahar Spinning Mills Ltd.,anil-goel,75.19,6.71,6.71,6.71,6.60,6.60
20,National Oxygen Ltd.,dolly-khanna,0.69,1.19,1.19,1.19,1.19,1.08
6,Navin Fluorine International Ltd.,ajay-upadhyaya,185.41,1.01,1.01,1.01,1.01,1.01
19,Nazara Technologies Ltd.,rakesh-jhunjhunwala,526.5,9.96,9.96,9.96,10.00,10.02
26,Neuland Laboratories Ltd.,mukul-agrawal,206.96,3.12,3.29,3.12,3.12,2.94
6,Neuland Laboratories Ltd.,vijay-kedia,82.79,1.25,1.25,1.17,1.01,1.01
27,Newgen Software Technologies Ltd.,mukul-agrawal,0.0,-,1.14,1.43,1.57,-
8,Nitin Spinners Ltd.,dolly-khanna,23.09,1.17,1.36,1.33,1.39,1.52
9,Niyogin Fintech Ltd.,madhusudan-kela,37.13,5.32,-,-,-,-
9,Octal Credit Capital Ltd.,ashok-kumar-jain,0.14,1.60,1.60,1.60,1.60,1.60
19,Om Infra Ltd.,vijay-kedia,30.55,2.56,-,-,-,-
18,Omaxe Ltd.,anil-goel,0.18,0.01,0.01,0.01,0.01,0.01
7,Onmobile Global Ltd.,ajay-upadhyaya,27.03,2.35,2.36,1.72,1.58,1.58
42,Onmobile Global Ltd.,mukul-agrawal,0.0,-,-,-,-,1.10
37,Oriana Power Ltd.,anil-goel,14.11,2.09,-,-,-,-
21,Orient Cement Ltd.,rakesh-jhunjhunwala,0.0,-,-,-,-,1.22
15,PCBL Ltd.,ashish-kacholia,185.7,1.88,1.88,1.88,1.88,1.87
30,PDS Ltd.,mukul-agrawal,220.38,2.72,2.73,2.73,2.74,2.74
43,PE Analytics Ltd.,mukul-agrawal,0.0,-,-,2.51,2.51,2.51
12,PSP Projects Ltd.,sunil-singhania,41.87,1.51,1.51,1.51,1.51,1.51
56,PTC Industries Ltd.,mukul-agrawal,0.0,-,-,-,-,1.01
7,Palred Technologies Ltd.,ashish-dhawan,10.74,5.54,5.54,5.54,5.54,6.42
19,Panama Petrochem Ltd.,anil-goel,23.35,1.46,1.50,1.50,1.52,1.52
7,Panasonic Energy India Company Ltd.,vijay-kedia,0.0,-,1.24,1.24,1.24,1.24
28,Parag Milk Foods Ltd.,mukul-agrawal,0.0,-,-,-,1.67,1.83
29,Paras Defence And Space Technologies Ltd.,mukul-agrawal,0.0,-,-,1.12,1.92,-
17,Patel Engineering Ltd.,vijay-kedia,67.54,1.68,1.68,1.29,-,-
31,Pearl Global Industries Ltd.,mukul-agrawal,93.47,3.46,3.46,3.46,3.46,-
10,Pee Cee Cosma Sope Ltd.,ashok-kumar-jain,3.67,2.95,2.95,2.95,2.95,2.95
51,Pix Transmissions Ltd.,mukul-agrawal,46.48,2.58,2.63,2.63,2.63,2.63
11,Pokarna Ltd.,ashok-kumar-jain,0.0,0.00,0.19,0.19,0.19,0.19
9,Polyplex Corporation Ltd.,dolly-khanna,0.0,-,-,-,-,1.17
11,Polyplex Corporation Ltd.,sunil-singhania,0.0,-,-,-,-,-
21,Pondy Oxides & Chemicals Ltd.,dolly-khanna,15.79,3.07,3.68,3.10,3.12,3.37
26,Prakash Industries Ltd.,dolly-khanna,26.85,1.00,-,-,-,-
72,Prakash Industries Ltd.,mukul-agrawal,37.33,1.40,-,-,-,-
10,Prakash Pipes Ltd.,dolly-khanna,31.11,3.24,2.78,2.71,2.83,2.78
8,Precision Camshafts Ltd.,ajay-upadhyaya,46.01,2.00,1.90,1.90,1.90,1.90
18,Precision Camshafts Ltd.,vijay-kedia,26.64,1.16,1.16,1.05,-,-
20,Precot Ltd.,anil-goel,14.1,5.27,5.27,5.27,1.50,3.77
7,Premier Explosives Ltd.,dilipkumar-lakhi,58.49,3.66,9.86,10.24,10.24,10.24
12,Prima Plastics Ltd.,ashok-kumar-jain,0.0,-,-,1.01,1.86,1.78
22,Prozone Realty Ltd.,rakesh-jhunjhunwala,0.0,-,-,2.06,2.06,2.06
8,Quess Corp Ltd.,ashish-dhawan,290.28,3.95,3.95,3.95,3.96,2.60
9,RPSG Ventures Ltd.,ashish-dhawan,88.5,4.18,4.18,4.18,4.18,4.18
14,RSC International Ltd.,ashok-kumar-jain,0.0,0.04,0.04,0.04,0.04,-
32,Radico Khaitan Ltd.,mukul-agrawal,0.0,-,1.05,1.05,1.05,1.05
44,Raghav Productivity Enhancers Ltd.,ashish-kacholia,32.95,2.02,2.02,2.02,2.13,-
60,Raghav Productivity Enhancers Ltd.,mukul-agrawal,25.33,1.55,1.55,1.55,1.64,-
34,Raghav Productivity Enhancers Ltd.,rakesh-jhunjhunwala,83.5,5.12,5.12,5.23,-,-
13,Rajshree Polypack Ltd.,sunil-singhania,10.27,4.28,6.23,7.57,7.62,7.62
27,Rajshree Sugars & Chemicals Ltd.,dolly-khanna,1.84,1.05,-,-,-,-
23,Rallis India Ltd.,rakesh-jhunjhunwala,0.0,-,7.75,10.30,10.30,9.36
11,Rama Phosphates Ltd.,dolly-khanna,0.0,-,-,-,1.54,1.72
8,Ramco Systems Ltd.,vijay-kedia,0.0,-,-,1.14,1.44,1.62
22,Rane Brake Lining Ltd.,ashok-kumar-jain,0.0,-,1.00,-,-,-
4,Rane Engine Valve Ltd.,nemish-shah,0.0,-,-,-,1.01,1.01
19,Rane Holdings Ltd.,ashok-kumar-jain,20.36,1.14,1.00,1.05,1.04,1.13
44,Raymond Ltd.,mukul-agrawal,167.1,1.50,1.65,1.80,1.80,1.65
13,Religare Enterprises Ltd.,ashish-dhawan,166.87,2.32,1.66,-,-,-
8,Religare Enterprises Ltd.,dilipkumar-lakhi,397.4,5.52,5.6,5.60,5.60,5.98
32,Repro India Ltd.,ashish-kacholia,37.85,3.23,3.48,3.62,3.60,3.60
8,Repro India Ltd.,madhusudan-kela,39.04,3.33,3.59,-,-,-
9,Repro India Ltd.,vijay-kedia,74.5,6.36,6.84,7.12,7.08,7.09
13,Richirich Inventures Ltd.,ashok-kumar-jain,0.29,3.97,7.28,7.28,7.28,7.28
14,Route Mobile Ltd.,sunil-singhania,250.96,2.58,2.58,2.58,2.58,2.69
15,Rupa & Company Ltd.,sunil-singhania,90.28,4.20,4.13,4.13,4.12,4.12
48,SG Finserve Ltd.,ashish-kacholia,0.0,-,1.17,-,-,-
57,SG Finserve Ltd.,mukul-agrawal,0.0,-,2.35,2.42,2.42,2.09
52,SIRCA Paints India Ltd.,mukul-agrawal,60.54,2.97,2.97,2.97,3.10,-
19,SJS Enterprises Ltd.,ashish-kacholia,62.07,3.23,4.34,4.43,4.43,3.84
16,SW Investments Ltd.,ashok-kumar-jain,0.0,-,3.33,3.33,3.33,3.33
13,Saboo Sodium Chloro Ltd.,dilipkumar-lakhi,1.05,1.37,1.37,1.37,1.37,1.37
16,Safari Industries (India) Ltd.,ashish-kacholia,223.24,2.10,2.29,2.31,2.59,2.59
33,Sahyadri Industries Ltd.,mukul-agrawal,10.06,2.35,2.35,2.20,2.20,2.20
21,Salasar Techno Engineering Ltd.,anil-goel,0.0,-,-,-,-,1.59
28,Salzer Electronics Ltd.,dolly-khanna,6.48,1.06,-,-,-,-
22,Samtex Fashions Ltd.,anil-goel,0.96,5.70,5.70,5.70,5.70,-
16,Sandur Manganese & Iron Ores Ltd.,dolly-khanna,0.0,-,-,-,-,-
4,Sangam (India) Ltd.,madhusudan-kela,94.34,5.85,5.85,1.11,1.11,1.11
23,Sanghvi Movers Ltd.,anil-goel,0.0,-,1.05,1.05,1.05,1.05
45,Sarda Energy & Minerals Ltd.,mukul-agrawal,97.13,1.19,1.19,1.19,1.19,1.14
16,Sarda Energy & Minerals Ltd.,sunil-singhania,179.56,2.19,2.19,2.18,2.11,1.89
24,Sarla Performance Fibers Ltd.,anil-goel,14.09,3.33,3.33,3.33,3.33,3.33
17,Sastasundar Ventures Ltd.,ashish-kacholia,26.34,1.88,1.88,1.88,1.88,1.88
18,Shaily Engineering Plastics Ltd.,ashish-kacholia,31.71,9.63,9.63,10.62,10.62,10.62
39,Shankara Building Products Ltd.,ashish-kacholia,31.81,1.97,1.97,1.97,1.97,1.97
46,Shankara Building Products Ltd.,mukul-agrawal,38.78,2.41,2.41,2.41,2.41,2.41
23,Shantiguru Industries Ltd.,ashok-kumar-jain,0.36,2.69,-,-,-,-
17,Sharda Cropchem Ltd.,dolly-khanna,0.0,-,-,-,-,1.02
15,Shilp Gravures Ltd.,ashok-kumar-jain,0.0,-,3.12,2.42,2.42,2.42
20,Shiva Texyarn Ltd.,ashok-kumar-jain,0.0,-,2.03,1.26,1.21,1.10
12,Simran Farms Ltd.,dolly-khanna,0.91,1.44,1.88,2.04,2.17,2.17
33,Singer India Ltd.,rakesh-jhunjhunwala,48.9,6.95,6.95,6.95,7.91,7.91
17,Siyaram Silk Mills Ltd.,sunil-singhania,49.13,1.88,1.93,2.14,2.11,2.08
16,Siyaram Silk Mills Ltd.,vijay-kedia,28.11,1.08,1.08,1.08,1.07,-
15,Skipper Ltd.,ajay-upadhyaya,43.52,1.66,1.09,-,-,-
24,Som Distilleries Breweries & Wineries Ltd.,dolly-khanna,26.27,1.13,1.31,1.29,-,-
25,South India Paper Mills Ltd.,anil-goel,32.7,9.07,9.07,9.07,11.35,11.35
38,Sportking India Ltd.,anil-goel,23.06,2.16,-,-,-,-
26,Sri Lakshmi Saraswathi Textiles (Arni) Ltd.,anil-goel,0.77,5.52,5.52,5.52,5.52,5.52
24,Star Health and Allied Insurance Company Ltd.,rakesh-jhunjhunwala,996.13,3.06,17.31,17.32,17.32,17.42
27,Star Paper Mills Ltd.,anil-goel,5.38,1.57,1.59,1.59,1.59,1.59
28,Stove Kraft Ltd.,ashish-kacholia,27.69,1.75,1.75,1.75,1.76,1.76
61,Stylam Industries Ltd.,mukul-agrawal,0.0,-,-,-,1.19,-
23,Stylam Industries Ltd.,sunil-singhania,77.85,2.50,2.50,2.50,2.39,2.27
10,Sudarshan Chemical Industries Ltd.,vijay-kedia,46.14,1.44,1.44,1.44,1.44,1.44
62,Sula Vineyards Ltd.,mukul-agrawal,96.29,2.37,2.37,2.38,1.90,-
35,Sun Pharma Advanced Research Company Ltd.,rakesh-jhunjhunwala,161.87,1.94,1.94,1.94,-,-
10,Sundaram Finance Holdings Ltd.,radhakishan-damani,66.14,1.88,1.88,1.88,1.88,1.88
11,Sundaram Finance Ltd.,radhakishan-damani,824.88,2.37,2.37,2.37,2.37,2.37
58,Surya Roshni Ltd.,mukul-agrawal,40.62,1.47,1.84,2.02,1.71,1.30
63,Suryoday Small Finance Bank Ltd.,mukul-agrawal,48.03,2.83,2.83,1.88,1.88,-
67,Suzlon Energy Ltd.,mukul-agrawal,0.0,-,1.04,-,-,-
46,Systango Technologies Ltd.,ashish-kacholia,10.93,3.09,-,1.55,-,-
34,TAAL Enterprises Ltd.,mukul-agrawal,75.84,8.92,8.92,8.92,-,-
20,TARC Ltd.,ashish-kacholia,73.4,2.22,2.22,2.22,2.22,1.86
28,TCPL Packaging Ltd.,anil-goel,220.86,10.34,10.39,10.37,10.17,10.48
9,TRF Ltd.,dilipkumar-lakhi,0.0,-,1.57,1.65,1.65,1.65
29,TTK Healthcare Ltd.,sunil-singhania,21.15,1.13,-,-,-,-
13,Talbros Automotive Components Ltd.,dolly-khanna,6.06,1.57,1.50,1.03,1.18,1.22
11,Talbros Automotive Components Ltd.,vijay-kedia,4.7,1.22,1.22,1.31,1.31,2.27
35,Tasty Bite Eatables Ltd.,mukul-agrawal,0.0,-,1.17,1.17,1.17,1.17
25,Tata Communications Ltd.,rakesh-jhunjhunwala,899.08,1.84,1.84,1.79,1.79,1.61
26,Tata Motors Ltd.,rakesh-jhunjhunwala,3621.14,1.60,1.57,1.57,1.57,1.11
27,Tata Motors Ltd. - DVR Ordinary,rakesh-jhunjhunwala,450.92,1.92,1.92,1.97,1.97,1.40
18,Technocraft Industries (India) Ltd.,sunil-singhania,140.81,2.82,2.82,3.20,2.97,2.80
12,Tejas Networks Ltd.,vijay-kedia,262.98,1.89,2.01,2.02,2.29,2.56
19,The Anup Engineering Ltd.,sunil-singhania,104.8,3.85,3.83,4.06,4.23,4.77
28,The Federal Bank Ltd.,rakesh-jhunjhunwala,1069.98,3.12,3.47,3.48,3.48,-
12,The India Cements Ltd.,radhakishan-damani,1399.37,20.78,20.78,20.78,20.79,20.79
29,The Indian Hotels Company Ltd.,rakesh-jhunjhunwala,1261.01,2.11,2.11,2.11,2.11,-
47,Thejo Engineering Ltd.,mukul-agrawal,37.14,1.68,-,1.68,-,1.68
36,Thomas Cook (India) Ltd.,mukul-agrawal,78.23,1.06,1.06,1.06,1.06,1.06
14,Tinna Rubber And Infrastructure Ltd.,dolly-khanna,13.59,1.30,1.32,1.41,1.62,1.67
30,Titan Company Ltd.,rakesh-jhunjhunwala,16256.69,5.37,5.36,5.29,5.17,5.54
64,Tracxn Technologies Ltd.,mukul-agrawal,18.86,1.96,1.98,1.99,1.99,-
25,Tracxn Technologies Ltd.,sunil-singhania,0.0,-,-,1.27,1.62,1.62
39,Transpact Enterprises Ltd.,anil-goel,0.18,1.55,-,-,-,-
13,Trent Ltd.,radhakishan-damani,1439.34,1.52,1.52,1.52,1.52,1.52
24,Trinity League India Ltd.,ashok-kumar-jain,0.14,1.21,-,-,-,-
29,Triveni Engineering & Industries Ltd.,anil-goel,289.48,3.49,3.49,3.49,3.52,2.69
49,Ugro Capital Ltd.,ashish-kacholia,38.23,1.56,1.56,-,-,-
27,Uniparts India Ltd.,sunil-singhania,53.84,2.19,2.25,2.25,-,-
10,Unitech Ltd.,dilipkumar-lakhi,57.71,4.69,4.53,4.53,4.53,4.53
14,United Breweries Ltd.,radhakishan-damani,513.03,1.21,1.21,1.19,1.21,1.21
21,United Drilling Tools Ltd.,ashish-kacholia,0.0,-,-,2.81,2.81,2.81
56,Universal Auto Foundry Ltd.,ashish-kacholia,24.49,8.54,-,-,-,-
13,Usha Martin Ltd.,ajay-upadhyaya,115.29,1.17,1.22,1.26,1.26,1.25
30,Uttam Sugar Mills Ltd.,anil-goel,143.77,7.41,7.39,7.17,7.10,7.09
31,VA Tech Wabag Ltd.,rakesh-jhunjhunwala,307.3,8.04,8.04,8.04,8.04,8.04
23,VRL Logistics Ltd.,ashish-kacholia,0.0,-,-,-,-,-
15,VST Industries Ltd.,radhakishan-damani,1554.36,30.71,30.71,30.71,30.71,32.34
22,Vaibhav Global Ltd.,ashish-kacholia,84.67,1.21,1.21,1.21,1.21,1.21
13,Vaibhav Global Ltd.,vijay-kedia,138.65,1.98,1.95,1.95,1.95,1.95
31,Vardhman Holdings Ltd.,anil-goel,68.75,6.89,6.89,6.89,6.89,6.89
32,Vardhman Special Steels Ltd.,anil-goel,38.55,2.15,2.23,2.24,2.22,2.22
37,Vardhman Special Steels Ltd.,mukul-agrawal,0.0,-,1.23,1.23,1.23,1.23
57,Vasa Denticity Ltd.,ashish-kacholia,36.48,3.80,-,-,-,-
73,Vasa Denticity Ltd.,mukul-agrawal,24.56,2.56,-,-,-,-
17,Vascon Engineers Ltd.,ajay-upadhyaya,19.04,1.15,-,-,-,-
5,Vascon Engineers Ltd.,nemish-shah,66.88,4.04,4.04,4.04,4.04,4.04
50,Venus Pipes & Tubes Ltd.,ashish-kacholia,0.0,-,1.97,-,-,-
9,Venus Remedies Ltd.,ajay-upadhyaya,0.0,-,-,-,-,1.31
38,Vidhi Specialty Food Ingredients Ltd.,mukul-agrawal,39.88,1.80,1.80,1.84,1.84,1.84
47,Virtuoso Optoelectronics Ltd.,ashish-kacholia,33.21,5.38,-,5.38,-,-
10,Visaka Industries Ltd.,ajay-upadhyaya,7.71,1.04,1.26,-,1.07,1.16
16,Walchandnagar Industries Ltd.,ajay-upadhyaya,19.13,2.18,2.18,-,-,-
11,Welspun Enterprises Ltd.,dilipkumar-lakhi,300.74,6.47,6.47,6.57,6.74,7.07
12,Welspun Specialty Solutions Ltd.,dilipkumar-lakhi,506.61,23.04,23.04,23.04,23.04,23.04
32,Wockhardt Ltd.,rakesh-jhunjhunwala,100.76,2.04,2.04,2.08,2.08,2.08
17,Worldwide Aluminium Ltd.,ashok-kumar-jain,0.0,0.02,0.02,0.02,0.02,0.02
24,Xpro India Ltd.,ashish-kacholia,73.49,3.91,4.33,4.33,4.45,4.40
25,Yasho Industries Ltd.,ashish-kacholia,75.98,4.17,4.17,3.99,3.82,2.60
58,Zaggle Prepaid Ocean Services Ltd.,ashish-kacholia,53.59,1.74,-,-,-,-
68,Zen Technologies Ltd.,mukul-agrawal,85.12,1.34,1.34,-,-,-
10,Zensar Technologies Ltd.,ashish-dhawan,0.0,-,-,1.06,1.06,1.06
6,Zodiac Clothing Company Ltd.,nemish-shah,5.3,1.56,1.56,1.56,1.64,1.64
39,Zota Health Care Ltd.,mukul-agrawal,71.74,6.83,5.24,5.24,5.17,4.93
22,Zuari Industries Ltd.,dolly-khanna,0.0,-,-,-,-,1.19
